{
  "episodes": 3,
  "fixed_eval_suite": {
    "action_stage_name": "S0_B",
    "near_home_ori_offset_max_deg": 2.0,
    "near_home_ori_offset_min_deg": 0.0,
    "near_home_pos_offset_max_m": 0.1,
    "near_home_pos_offset_min_m": 0.08,
    "near_home_profile": "TC0",
    "resolved_target_mode": "near_home",
    "suite_id": "det_eval_near_home_700102_TC0_3",
    "suite_seed": 700102,
    "suite_size": 3,
    "target_curriculum_stage_name": "TC0",
    "targets": [
      {
        "ee_target": [
          -0.15997479671302695,
          0.07182479144963445,
          1.0490229485324494,
          1.5588980827606518,
          0.0005438472677501416,
          -1.5427599791377586
        ],
        "ee_target_source": {
          "home_ee": [
            -0.18001025845587856,
            0.0017638930333356549,
            1.1004499999999167,
            1.5707963267948963,
            6.722570487708295e-15,
            -1.5707963267948928
          ],
          "home_q": [
            0.0,
            0.0,
            0.0,
            0.0,
            0.0,
            0.0,
            0.0
          ],
          "ori_offset_max_deg": 2.0,
          "ori_offset_min_deg": 0.0,
          "pos_offset_max_m": 0.1,
          "pos_offset_min_m": 0.08,
          "profile": "TC0",
          "provider": "near_home_randomized",
          "target_delta_ori": [
            -0.011898244034244469,
            0.000543847267743425,
            0.028036347657134062
          ],
          "target_delta_ori_l2": 0.030461463702533283,
          "target_delta_pos": [
            0.02003546174285163,
            0.0700608984162988,
            -0.05142705146746732
          ],
          "target_delta_pos_l2": 0.08918907352801543,
          "z_not_above_home": true
        },
        "episode_index": 0
      },
      {
        "ee_target": [
          -0.2050142501719057,
          0.01554126922831909,
          1.0245730923094942,
          1.5421995173269298,
          0.002599966908784168,
          -1.5639540882892502
        ],
        "ee_target_source": {
          "home_ee": [
            -0.18001025845587856,
            0.0017638930333356549,
            1.1004499999999167,
            1.5707963267948963,
            6.722570487708295e-15,
            -1.5707963267948928
          ],
          "home_q": [
            0.0,
            0.0,
            0.0,
            0.0,
            0.0,
            0.0,
            0.0
          ],
          "ori_offset_max_deg": 2.0,
          "ori_offset_min_deg": 0.0,
          "pos_offset_max_m": 0.1,
          "pos_offset_min_m": 0.08,
          "profile": "TC0",
          "provider": "near_home_randomized",
          "target_delta_ori": [
            -0.028596809467966385,
            0.002599966908777434,
            0.006842238505642566
          ],
          "target_delta_ori_l2": 0.02951869860684931,
          "target_delta_pos": [
            -0.025003991716027126,
            0.013777376194983435,
            -0.07587690769042245
          ],
          "target_delta_pos_l2": 0.08106985146905192,
          "z_not_above_home": true
        },
        "episode_index": 1
      },
      {
        "ee_target": [
          -0.11557362610035014,
          -0.04549619843943251,
          1.0839170807755285,
          1.568729941931661,
          -0.026744819197935588,
          -1.5900307240503018
        ],
        "ee_target_source": {
          "home_ee": [
            -0.18001025845587856,
            0.0017638930333356549,
            1.1004499999999167,
            1.5707963267948963,
            6.722570487708295e-15,
            -1.5707963267948928
          ],
          "home_q": [
            0.0,
            0.0,
            0.0,
            0.0,
            0.0,
            0.0,
            0.0
          ],
          "ori_offset_max_deg": 2.0,
          "ori_offset_min_deg": 0.0,
          "pos_offset_max_m": 0.1,
          "pos_offset_min_m": 0.08,
          "profile": "TC0",
          "provider": "near_home_randomized",
          "target_delta_ori": [
            -0.0020663848632358453,
            -0.026744819197942412,
            -0.019234397255409
          ],
          "target_delta_ori_l2": 0.03300783752554118,
          "target_delta_pos": [
            0.06443663235552842,
            -0.04726009147276817,
            -0.01653291922438823
          ],
          "target_delta_pos_l2": 0.08160228705995987,
          "z_not_above_home": true
        },
        "episode_index": 2
      }
    ]
  },
  "gap_metrics": {
    "final_action_l2_ratio_det_over_full": 0.06592235425051038,
    "mean_final_dpos_gap_det_minus_full": -0.021333787658711023,
    "raw_norm_ratio_det_over_full": 0.06592235425051039,
    "success_rate_gap_full_minus_det": -0.3333333333333333,
    "true_basin_hit_rate_gap_full_minus_det": 0.0
  },
  "mode": "stochastic_to_deterministic_gap_diagnosis",
  "records": [
    {
      "action_stats": {
        "delta_norm_max": 0.0020419760096394117,
        "delta_norm_mean": 0.001277926355039679,
        "exec_norm_max": 0.06796780589133736,
        "exec_norm_mean": 0.06713053865481723,
        "final_action_l2_max": 0.005526427531250023,
        "final_action_l2_mean": 0.005472677200781947,
        "mu_l2_mean": 0.06845044372157046,
        "noise_l2_mean": 0.0,
        "post_tanh_abs_max_mean": 0.05027701184153557,
        "post_tanh_l2_mean": 0.06840846658628644,
        "pre_tanh_abs_max_max": 0.05134394019842148,
        "pre_tanh_abs_max_mean": 0.05031946028272311,
        "pre_tanh_l2_mean": 0.06845044372157046,
        "raw_norm_max": 0.06908034414062529,
        "raw_norm_mean": 0.06840846500977434,
        "saturated_dims_mean": 0.0,
        "std_l2_mean": 2.3901218613658233,
        "std_scaled_l2_mean": 0.0
      },
      "artifacts": {
        "gap_eval_deterministic_episode_summary": "artifacts/v5_1/e2e/main_reward_collect_bonly_s0b_tc0_act008_seed101/eval_gap/deterministic/deterministic_episode_summary.jsonl",
        "gap_eval_deterministic_logs_root": "artifacts/v5_1/e2e/main_reward_collect_bonly_s0b_tc0_act008_seed101/eval_gap/deterministic/logs",
        "gap_eval_deterministic_reward_trace": "artifacts/v5_1/e2e/main_reward_collect_bonly_s0b_tc0_act008_seed101/eval_gap/deterministic/deterministic_reward_trace.jsonl",
        "gap_eval_deterministic_runtime_trace": "artifacts/v5_1/e2e/main_reward_collect_bonly_s0b_tc0_act008_seed101/eval_gap/deterministic/deterministic_runtime_trace.jsonl",
        "gap_eval_deterministic_summary": "artifacts/v5_1/e2e/main_reward_collect_bonly_s0b_tc0_act008_seed101/eval_gap/deterministic/deterministic_summary.json"
      },
      "exploration_std_scale": 0.0,
      "label": "deterministic",
      "metrics": {
        "best_min_dpos": 0.07978976311921208,
        "clamp_mean": 0.0,
        "clamp_sum": 0.0,
        "delta_norm_mean": 0.001277926355039679,
        "dwell_hit_rate": 0.0,
        "episodes_completed": 3,
        "episodes_requested": 3,
        "exec_norm_mean": 0.06713053865481723,
        "final_action_l2_mean": 0.005472677200781947,
        "inner_shell_hit_rate": 0.0,
        "intervention_rate": 0.0,
        "max_dwell_max": 0.0,
        "mean_final_dpos": 0.0817454715089783,
        "mean_final_minus_min": 0.0009296429650960392,
        "mean_min_dpos": 0.08081582854388225,
        "mu_l2_mean": 0.06845044372157046,
        "near_goal_entries_sum": 0.0,
        "noise_l2_mean": 0.0,
        "pre_tanh_abs_max_max": 0.05134394019842148,
        "pre_tanh_abs_max_mean": 0.05031946028272311,
        "raw_norm_mean": 0.06840846500977434,
        "regression_rate": 0.3333333333333333,
        "reject_mean": 0.0,
        "reject_sum": 0.0,
        "reward_max": 3.257411924406027,
        "reward_mean": 1.1353205887856699,
        "reward_min": 0.03947196415792298,
        "shell_hit_rate": 0.3333333333333333,
        "std_scaled_l2_mean": 0.0,
        "success_rate": 0.3333333333333333,