{
  "episodes": 3,
  "fixed_eval_suite": {
    "action_stage_name": "S0_B",
    "near_home_ori_offset_max_deg": 2.0,
    "near_home_ori_offset_min_deg": 0.0,
    "near_home_pos_offset_max_m": 0.1,
    "near_home_pos_offset_min_m": 0.08,
    "near_home_profile": "TC0",
    "resolved_target_mode": "near_home",
    "suite_id": "det_eval_near_home_700405_TC0_3",
    "suite_seed": 700405,
    "suite_size": 3,
    "target_curriculum_stage_name": "TC0",
    "targets": [
      {
        "ee_target": [
          -0.11306566310444148,
          -0.010737640411189605,
          1.0344072771146338,
          1.5527811528427078,
          0.0019185458379418208,
          -1.56093918786741
        ],
        "ee_target_source": {
          "home_ee": [
            -0.18001025845587856,
            0.0017638930333356549,
            1.1004499999999167,
            1.5707963267948963,
            6.722570487708295e-15,
            -1.5707963267948928
          ],
          "home_q": [
            0.0,
            0.0,
            0.0,
            0.0,
            0.0,
            0.0,
            0.0
          ],
          "ori_offset_max_deg": 2.0,
          "ori_offset_min_deg": 0.0,
          "pos_offset_max_m": 0.1,
          "pos_offset_min_m": 0.08,
          "profile": "TC0",
          "provider": "near_home_randomized",
          "target_delta_ori": [
            -0.018015173952188792,
            0.0019185458379349847,
            0.009857138927482877
          ],
          "target_delta_ori_l2": 0.020624996933225892,
          "target_delta_pos": [
            0.06694459535143708,
            -0.012501533444525259,
            -0.06604272288528296
          ],
          "target_delta_pos_l2": 0.09486573897532509,
          "z_not_above_home": true
        },
        "episode_index": 0
      },
      {
        "ee_target": [
          -0.2512708482141851,
          -0.04609498632009133,
          1.09188238445054,
          1.5701838886705382,
          0.022988353458105237,
          -1.5599822537486165
        ],
        "ee_target_source": {
          "home_ee": [
            -0.18001025845587856,
            0.0017638930333356549,
            1.1004499999999167,
            1.5707963267948963,
            6.722570487708295e-15,
            -1.5707963267948928
          ],
          "home_q": [
            0.0,
            0.0,
            0.0,
            0.0,
            0.0,
            0.0,
            0.0
          ],
          "ori_offset_max_deg": 2.0,
          "ori_offset_min_deg": 0.0,
          "pos_offset_max_m": 0.1,
          "pos_offset_min_m": 0.08,
          "profile": "TC0",
          "provider": "near_home_randomized",
          "target_delta_ori": [
            -0.0006124381243580198,
            0.02298835345809836,
            0.01081407304627633
          ],
          "target_delta_ori_l2": 0.025412273629504902,
          "target_delta_pos": [
            -0.07126058975830657,
            -0.04785887935342699,
            -0.008567615549376534
          ],
          "target_delta_pos_l2": 0.08626672604121166,
          "z_not_above_home": true
        },
        "episode_index": 1
      },
      {
        "ee_target": [
          -0.14655622265576423,
          -0.0609438088654307,
          1.0589642425564467,
          1.568846047248444,
          -0.0011620979452984237,
          -1.573303453290796
        ],
        "ee_target_source": {
          "home_ee": [
            -0.18001025845587856,
            0.0017638930333356549,
            1.1004499999999167,
            1.5707963267948963,
            6.722570487708295e-15,
            -1.5707963267948928
          ],
          "home_q": [
            0.0,
            0.0,
            0.0,
            0.0,
            0.0,
            0.0,
            0.0
          ],
          "ori_offset_max_deg": 2.0,
          "ori_offset_min_deg": 0.0,
          "pos_offset_max_m": 0.1,
          "pos_offset_min_m": 0.08,
          "profile": "TC0",
          "provider": "near_home_randomized",
          "target_delta_ori": [
            -0.0019502795464525925,
            -0.0011620979453051893,
            -0.0025071264959030813
          ],
          "target_delta_ori_l2": 0.0033822692397639095,
          "target_delta_pos": [
            0.033454035800114315,
            -0.06270770189876636,
            -0.041485757443469835
          ],
          "target_delta_pos_l2": 0.08229517883447542,
          "z_not_above_home": true
        },
        "episode_index": 2
      }
    ]
  },
  "gap_metrics": {
    "final_action_l2_ratio_det_over_full": 0.07609569103214943,
    "mean_final_dpos_gap_det_minus_full": -0.04447546468391081,
    "raw_norm_ratio_det_over_full": 0.07609569103214942,
    "success_rate_gap_full_minus_det": -0.6666666666666666,
    "true_basin_hit_rate_gap_full_minus_det": 0.0
  },
  "mode": "stochastic_to_deterministic_gap_diagnosis",
  "records": [
    {
      "action_stats": {
        "delta_norm_max": 0.0019649385006613607,
        "delta_norm_mean": 0.0015665569766382798,
        "exec_norm_max": 0.0804785545087682,
        "exec_norm_mean": 0.0792418001004003,
        "final_action_l2_max": 0.006542479929100757,
        "final_action_l2_mean": 0.006464668566155923,
        "mu_l2_mean": 0.08086865475557704,
        "noise_l2_mean": 0.0,
        "post_tanh_abs_max_mean": 0.05769463578859965,
        "post_tanh_l2_mean": 0.08080835882000072,
        "pre_tanh_abs_max_max": 0.05895823985338211,
        "pre_tanh_abs_max_mean": 0.057758807515104614,
        "pre_tanh_l2_mean": 0.08086865475557704,
        "raw_norm_max": 0.08178099911375947,
        "raw_norm_mean": 0.08080835707694904,
        "saturated_dims_mean": 0.0,
        "std_l2_mean": 2.32644890223519,
        "std_scaled_l2_mean": 0.0
      },
      "artifacts": {
        "gap_eval_deterministic_episode_summary": "artifacts/v5_1/e2e/main_reward_collect_solidify_s0b_tc0_act008_seed404/eval_gap/deterministic/deterministic_episode_summary.jsonl",
        "gap_eval_deterministic_logs_root": "artifacts/v5_1/e2e/main_reward_collect_solidify_s0b_tc0_act008_seed404/eval_gap/deterministic/logs",
        "gap_eval_deterministic_reward_trace": "artifacts/v5_1/e2e/main_reward_collect_solidify_s0b_tc0_act008_seed404/eval_gap/deterministic/deterministic_reward_trace.jsonl",
        "gap_eval_deterministic_runtime_trace": "artifacts/v5_1/e2e/main_reward_collect_solidify_s0b_tc0_act008_seed404/eval_gap/deterministic/deterministic_runtime_trace.jsonl",
        "gap_eval_deterministic_summary": "artifacts/v5_1/e2e/main_reward_collect_solidify_s0b_tc0_act008_seed404/eval_gap/deterministic/deterministic_summary.json"
      },
      "exploration_std_scale": 0.0,
      "label": "deterministic",
      "metrics": {
        "best_min_dpos": 0.05452688280119957,
        "clamp_mean": 0.0,
        "clamp_sum": 0.0,
        "delta_norm_mean": 0.0015665569766382798,
        "dwell_hit_rate": 0.0,
        "episodes_completed": 3,
        "episodes_requested": 3,
        "exec_norm_mean": 0.0792418001004003,
        "final_action_l2_mean": 0.006464668566155923,
        "inner_shell_hit_rate": 0.0,
        "intervention_rate": 0.0,
        "max_dwell_max": 0.0,
        "mean_final_dpos": 0.07796780607228507,
        "mean_final_minus_min": 0.004811577499833987,
        "mean_min_dpos": 0.07315622857245108,
        "mu_l2_mean": 0.08086865475557704,
        "near_goal_entries_sum": 0.0,
        "noise_l2_mean": 0.0,
        "pre_tanh_abs_max_max": 0.05895823985338211,
        "pre_tanh_abs_max_mean": 0.057758807515104614,
        "raw_norm_mean": 0.08080835707694904,
        "regression_rate": 0.3333333333333333,
        "reject_mean": 0.0,
        "reject_sum": 0.0,
        "reward_max": 3.7025192688867996,
        "reward_mean": 2.2903430117933326,
        "reward_min": -0.1762535071277558,
        "shell_hit_rate": 0.6666666666666666,
        "std_scaled_l2_mean": 0.0,
        "success_rate": 0.6666666666666666,