{
  "episodes": 3,
  "fixed_eval_suite": {
    "action_stage_name": "S0_B",
    "near_home_ori_offset_max_deg": 2.0,
    "near_home_ori_offset_min_deg": 0.0,
    "near_home_pos_offset_max_m": 0.1,
    "near_home_pos_offset_min_m": 0.08,
    "near_home_profile": "TC0",
    "resolved_target_mode": "near_home",
    "suite_id": "det_eval_near_home_700304_TC0_3",
    "suite_seed": 700304,
    "suite_size": 3,
    "target_curriculum_stage_name": "TC0",
    "targets": [
      {
        "ee_target": [
          -0.15060751487226903,
          0.06932943402369755,
          1.034216774065421,
          1.5785034106111855,
          0.02664088763518979,
          -1.5759753763757156
        ],
        "ee_target_source": {
          "home_ee": [
            -0.18001025845587856,
            0.0017638930333356549,
            1.1004499999999167,
            1.5707963267948963,
            6.722570487708295e-15,
            -1.5707963267948928
          ],
          "home_q": [
            0.0,
            0.0,
            0.0,
            0.0,
            0.0,
            0.0,
            0.0
          ],
          "ori_offset_max_deg": 2.0,
          "ori_offset_min_deg": 0.0,
          "pos_offset_max_m": 0.1,
          "pos_offset_min_m": 0.08,
          "profile": "TC0",
          "provider": "near_home_randomized",
          "target_delta_ori": [
            0.007707083816288933,
            0.026640887635182856,
            -0.00517904958082289
          ],
          "target_delta_ori_l2": 0.028212738071700227,
          "target_delta_pos": [
            0.02940274358360952,
            0.0675655409903619,
            -0.06623322593449572
          ],
          "target_delta_pos_l2": 0.09907806960803042,
          "z_not_above_home": true
        },
        "episode_index": 0
      },
      {
        "ee_target": [
          -0.25073348198856066,
          0.05386245107763169,
          1.0987762886641734,
          1.5458316047804006,
          -0.015431867316430203,
          -1.5577756408036991
        ],
        "ee_target_source": {
          "home_ee": [
            -0.18001025845587856,
            0.0017638930333356549,
            1.1004499999999167,
            1.5707963267948963,
            6.722570487708295e-15,
            -1.5707963267948928
          ],
          "home_q": [
            0.0,
            0.0,
            0.0,
            0.0,
            0.0,
            0.0,
            0.0
          ],
          "ori_offset_max_deg": 2.0,
          "ori_offset_min_deg": 0.0,
          "pos_offset_max_m": 0.1,
          "pos_offset_min_m": 0.08,
          "profile": "TC0",
          "provider": "near_home_randomized",
          "target_delta_ori": [
            -0.024964722014495476,
            -0.015431867316436986,
            0.013020685991193612
          ],
          "target_delta_ori_l2": 0.03210791394367464,
          "target_delta_pos": [
            -0.07072322353268211,
            0.052098558044296035,
            -0.0016737113357432705
          ],
          "target_delta_pos_l2": 0.08785690301156762,
          "z_not_above_home": true
        },
        "episode_index": 1
      },
      {
        "ee_target": [
          -0.2778278435480803,
          0.011417388771993988,
          1.090760406502962,
          1.5887630666787693,
          -0.007842999777465831,
          -1.5572784545557234
        ],
        "ee_target_source": {
          "home_ee": [
            -0.18001025845587856,
            0.0017638930333356549,
            1.1004499999999167,
            1.5707963267948963,
            6.722570487708295e-15,
            -1.5707963267948928
          ],
          "home_q": [
            0.0,
            0.0,
            0.0,
            0.0,
            0.0,
            0.0,
            0.0
          ],
          "ori_offset_max_deg": 2.0,
          "ori_offset_min_deg": 0.0,
          "pos_offset_max_m": 0.1,
          "pos_offset_min_m": 0.08,
          "profile": "TC0",
          "provider": "near_home_randomized",
          "target_delta_ori": [
            0.01796673988387309,
            -0.007842999777472631,
            0.013517872239169263
          ],
          "target_delta_ori_l2": 0.02381279608611082,
          "target_delta_pos": [
            -0.09781758509220176,
            0.009653495738658334,
            -0.009689593496954644
          ],
          "target_delta_pos_l2": 0.09876921663849852,
          "z_not_above_home": true
        },
        "episode_index": 2
      }
    ]
  },
  "gap_metrics": {
    "final_action_l2_ratio_det_over_full": 0.06371648243427704,
    "mean_final_dpos_gap_det_minus_full": -0.06408527409530299,
    "raw_norm_ratio_det_over_full": 0.06371648243427704,
    "success_rate_gap_full_minus_det": -0.6666666666666666,
    "true_basin_hit_rate_gap_full_minus_det": 0.0
  },
  "mode": "stochastic_to_deterministic_gap_diagnosis",
  "records": [
    {
      "action_stats": {
        "delta_norm_max": 0.0016769745052819711,
        "delta_norm_mean": 0.00112833470611064,
        "exec_norm_max": 0.06845543163975418,
        "exec_norm_mean": 0.06813481178640973,
        "final_action_l2_max": 0.005556142995042458,
        "final_action_l2_mean": 0.005541051719390548,
        "mu_l2_mean": 0.0692983775811877,
        "noise_l2_mean": 0.0,
        "post_tanh_abs_max_mean": 0.04733205897112688,
        "post_tanh_l2_mean": 0.06926314828470582,
        "pre_tanh_abs_max_max": 0.04900676757097244,
        "pre_tanh_abs_max_mean": 0.047367511813839275,
        "pre_tanh_l2_mean": 0.0692983775811877,
        "raw_norm_max": 0.06945178743803072,
        "raw_norm_mean": 0.06926314649238184,
        "saturated_dims_mean": 0.0,
        "std_l2_mean": 2.3470527451653567,
        "std_scaled_l2_mean": 0.0
      },
      "artifacts": {
        "gap_eval_deterministic_episode_summary": "artifacts/v5_1/e2e/main_reward_collect_solidify_s0b_tc0_act008_seed303/eval_gap/deterministic/deterministic_episode_summary.jsonl",
        "gap_eval_deterministic_logs_root": "artifacts/v5_1/e2e/main_reward_collect_solidify_s0b_tc0_act008_seed303/eval_gap/deterministic/logs",
        "gap_eval_deterministic_reward_trace": "artifacts/v5_1/e2e/main_reward_collect_solidify_s0b_tc0_act008_seed303/eval_gap/deterministic/deterministic_reward_trace.jsonl",
        "gap_eval_deterministic_runtime_trace": "artifacts/v5_1/e2e/main_reward_collect_solidify_s0b_tc0_act008_seed303/eval_gap/deterministic/deterministic_runtime_trace.jsonl",
        "gap_eval_deterministic_summary": "artifacts/v5_1/e2e/main_reward_collect_solidify_s0b_tc0_act008_seed303/eval_gap/deterministic/deterministic_summary.json"
      },
      "exploration_std_scale": 0.0,
      "label": "deterministic",
      "metrics": {
        "best_min_dpos": 0.0762466722323132,
        "clamp_mean": 0.0,
        "clamp_sum": 0.0,
        "delta_norm_mean": 0.00112833470611064,
        "dwell_hit_rate": 0.0,
        "episodes_completed": 3,
        "episodes_requested": 3,
        "exec_norm_mean": 0.06813481178640973,
        "final_action_l2_mean": 0.005541051719390548,
        "inner_shell_hit_rate": 0.0,
        "intervention_rate": 0.0,
        "max_dwell_max": 0.0,
        "mean_final_dpos": 0.08769156040917281,
        "mean_final_minus_min": 0.002970775525800861,
        "mean_min_dpos": 0.08472078488337194,
        "mu_l2_mean": 0.0692983775811877,
        "near_goal_entries_sum": 0.0,
        "noise_l2_mean": 0.0,
        "pre_tanh_abs_max_max": 0.04900676757097244,
        "pre_tanh_abs_max_mean": 0.047367511813839275,
        "raw_norm_mean": 0.06926314649238184,
        "regression_rate": 0.3333333333333333,
        "reject_mean": 0.0,
        "reject_sum": 0.0,
        "reward_max": 3.379803561565561,
        "reward_mean": 2.17023590005572,
        "reward_min": -0.17497170806097026,
        "shell_hit_rate": 0.6666666666666666,
        "std_scaled_l2_mean": 0.0,
        "success_rate": 0.6666666666666666,