{
  "episodes": 3,
  "fixed_eval_suite": {
    "action_stage_name": "S0_B",
    "near_home_ori_offset_max_deg": 2.0,
    "near_home_ori_offset_min_deg": 0.0,
    "near_home_pos_offset_max_m": 0.1,
    "near_home_pos_offset_min_m": 0.08,
    "near_home_profile": "TC0",
    "resolved_target_mode": "near_home",
    "suite_id": "det_eval_near_home_700203_TC0_3",
    "suite_seed": 700203,
    "suite_size": 3,
    "target_curriculum_stage_name": "TC0",
    "targets": [
      {
        "ee_target": [
          -0.10656561627010576,
          0.023370157292055674,
          1.0461823042993008,
          1.5754383367860711,
          0.010054100263507948,
          -1.555525670568831
        ],
        "ee_target_source": {
          "home_ee": [
            -0.18001025845587856,
            0.0017638930333356549,
            1.1004499999999167,
            1.5707963267948963,
            6.722570487708295e-15,
            -1.5707963267948928
          ],
          "home_q": [
            0.0,
            0.0,
            0.0,
            0.0,
            0.0,
            0.0,
            0.0
          ],
          "ori_offset_max_deg": 2.0,
          "ori_offset_min_deg": 0.0,
          "pos_offset_max_m": 0.1,
          "pos_offset_min_m": 0.08,
          "profile": "TC0",
          "provider": "near_home_randomized",
          "target_delta_ori": [
            0.004642009991174995,
            0.01005410026350138,
            0.015270656226061925
          ],
          "target_delta_ori_l2": 0.01886335416730733,
          "target_delta_pos": [
            0.0734446421857728,
            0.021606264258720018,
            -0.05426769570061586
          ],
          "target_delta_pos_l2": 0.09383991111285475,
          "z_not_above_home": true
        },
        "episode_index": 0
      },
      {
        "ee_target": [
          -0.22367082185449372,
          -0.05006681392278182,
          1.032634379242158,
          1.5702411924897781,
          0.009640410965820134,
          -1.5648760590483166
        ],
        "ee_target_source": {
          "home_ee": [
            -0.18001025845587856,
            0.0017638930333356549,
            1.1004499999999167,
            1.5707963267948963,
            6.722570487708295e-15,
            -1.5707963267948928
          ],
          "home_q": [
            0.0,
            0.0,
            0.0,
            0.0,
            0.0,
            0.0,
            0.0
          ],
          "ori_offset_max_deg": 2.0,
          "ori_offset_min_deg": 0.0,
          "pos_offset_max_m": 0.1,
          "pos_offset_min_m": 0.08,
          "profile": "TC0",
          "provider": "near_home_randomized",
          "target_delta_ori": [
            -0.0005551343051183339,
            0.009640410965813535,
            0.005920267746576113
          ],
          "target_delta_ori_l2": 0.01132675010219818,
          "target_delta_pos": [
            -0.04366056339861515,
            -0.051830706956117474,
            -0.06781562075775863
          ],
          "target_delta_pos_l2": 0.09587296489947288,
          "z_not_above_home": true
        },
        "episode_index": 1
      },
      {
        "ee_target": [
          -0.19081515806792002,
          -0.05811302965985077,
          1.0437854522911467,
          1.569730126668122,
          0.014292576868565998,
          -1.5656904515567827
        ],
        "ee_target_source": {
          "home_ee": [
            -0.18001025845587856,
            0.0017638930333356549,
            1.1004499999999167,
            1.5707963267948963,
            6.722570487708295e-15,
            -1.5707963267948928
          ],
          "home_q": [
            0.0,
            0.0,
            0.0,
            0.0,
            0.0,
            0.0,
            0.0
          ],
          "ori_offset_max_deg": 2.0,
          "ori_offset_min_deg": 0.0,
          "pos_offset_max_m": 0.1,
          "pos_offset_min_m": 0.08,
          "profile": "TC0",
          "provider": "near_home_randomized",
          "target_delta_ori": [
            -0.0010662001267745128,
            0.014292576868559066,
            0.005105875238110136
          ],
          "target_delta_ori_l2": 0.015214614625456339,
          "target_delta_pos": [
            -0.010804899612041457,
            -0.059876922693186424,
            -0.05666454770876996
          ],
          "target_delta_pos_l2": 0.08314362689870815,
          "z_not_above_home": true
        },
        "episode_index": 2
      }
    ]
  },
  "gap_metrics": {
    "final_action_l2_ratio_det_over_full": 0.04819946216682768,
    "mean_final_dpos_gap_det_minus_full": -0.03317681099774002,
    "raw_norm_ratio_det_over_full": 0.048199462166827696,
    "success_rate_gap_full_minus_det": -0.3333333333333333,
    "true_basin_hit_rate_gap_full_minus_det": 0.6666666666666667
  },
  "mode": "stochastic_to_deterministic_gap_diagnosis",
  "records": [
    {
      "action_stats": {
        "delta_norm_max": 0.0014890672133490435,
        "delta_norm_mean": 0.0011344587129078795,
        "exec_norm_max": 0.05497532474548065,
        "exec_norm_mean": 0.05387582391132557,
        "final_action_l2_max": 0.004468501949237424,
        "final_action_l2_mean": 0.004400822609917079,
        "mu_l2_mean": 0.055027426840810856,
        "noise_l2_mean": 0.0,
        "post_tanh_abs_max_mean": 0.034091475109259285,
        "post_tanh_l2_mean": 0.055010283935773376,
        "pre_tanh_abs_max_max": 0.034964315593242645,
        "pre_tanh_abs_max_mean": 0.03410469765464465,
        "pre_tanh_l2_mean": 0.055027426840810856,
        "raw_norm_max": 0.05585627436546779,
        "raw_norm_mean": 0.05501028262396349,
        "saturated_dims_mean": 0.0,
        "std_l2_mean": 2.344547621820566,
        "std_scaled_l2_mean": 0.0
      },
      "artifacts": {
        "gap_eval_deterministic_episode_summary": "artifacts/v5_1/e2e/main_reward_collect_bonly_s0b_tc0_act008_seed202/eval_gap/deterministic/deterministic_episode_summary.jsonl",
        "gap_eval_deterministic_logs_root": "artifacts/v5_1/e2e/main_reward_collect_bonly_s0b_tc0_act008_seed202/eval_gap/deterministic/logs",
        "gap_eval_deterministic_reward_trace": "artifacts/v5_1/e2e/main_reward_collect_bonly_s0b_tc0_act008_seed202/eval_gap/deterministic/deterministic_reward_trace.jsonl",
        "gap_eval_deterministic_runtime_trace": "artifacts/v5_1/e2e/main_reward_collect_bonly_s0b_tc0_act008_seed202/eval_gap/deterministic/deterministic_runtime_trace.jsonl",
        "gap_eval_deterministic_summary": "artifacts/v5_1/e2e/main_reward_collect_bonly_s0b_tc0_act008_seed202/eval_gap/deterministic/deterministic_summary.json"
      },
      "exploration_std_scale": 0.0,
      "label": "deterministic",
      "metrics": {
        "best_min_dpos": 0.07786968394735731,
        "clamp_mean": 0.0,
        "clamp_sum": 0.0,
        "delta_norm_mean": 0.0011344587129078795,
        "dwell_hit_rate": 0.0,
        "episodes_completed": 3,
        "episodes_requested": 3,
        "exec_norm_mean": 0.05387582391132557,
        "final_action_l2_mean": 0.004400822609917079,
        "inner_shell_hit_rate": 0.0,
        "intervention_rate": 0.0,
        "max_dwell_max": 0.0,
        "mean_final_dpos": 0.08904615162695795,
        "mean_final_minus_min": 0.001441278001095091,
        "mean_min_dpos": 0.08760487362586285,
        "mu_l2_mean": 0.055027426840810856,
        "near_goal_entries_sum": 0.0,
        "noise_l2_mean": 0.0,
        "pre_tanh_abs_max_max": 0.034964315593242645,
        "pre_tanh_abs_max_mean": 0.03410469765464465,
        "raw_norm_mean": 0.05501028262396349,
        "regression_rate": 0.3333333333333333,
        "reject_mean": 0.0,
        "reject_sum": 0.0,
        "reward_max": 3.2897015226439414,
        "reward_mean": 1.0667120120104223,
        "reward_min": -0.10173910499614687,
        "shell_hit_rate": 0.3333333333333333,
        "std_scaled_l2_mean": 0.0,
        "success_rate": 0.3333333333333333,